<?xml version="1.0" encoding="utf-8"?>

<!--
This file is subject to the terms and conditions defined in the "LICENSE.txt"
file, which is part of this source code package and is also available on the
page: https://raw.githubusercontent.com/ocmod-space/license/main/LICENSE.txt.
-->

<modification>
	<name>[underr] Seo Tools > Pagination Type</name>
	<code>seo-tools--pagination-type</code>
	<version>1.0.0</version>
	<author>Andrii Burkatskyi aka underr</author>
	<link>https://www.opencart.com/index.php?route=marketplace/extension&amp;filter_member=ocmod.space</link>

	<file path="catalog/controller/startup/seo_tools.php" error="log">
		<operation error="log">
			<search info="">
				<![CDATA[$this->request->get['_route_'] = implode('/', $parts);]]>
			</search>
			<add position="before">
				<![CDATA[					$this->request->get['_route_'] = implode('/', $parts);
					$this->request->get['page'] = $page;
				} elseif (substr($parts[count($parts) - 1], 0, 5) === 'page-') {
					$page = explode('-', array_pop($parts))[1];
					///]]>
			</add>
		</operation>
		<operation error="log" info="exclude numeric pagination">
			<search info="">
				<![CDATA[(int)$parts[count($parts) - 1] > 1]]>
			</search>
			<add position="replace">
				<![CDATA[null && (int)$parts[count($parts) - 1] > 1]]>
			</add>
		</operation>
		<operation error="log">
			<search info="">
				<![CDATA[$page = $page[1];]]>
			</search>
			<add position="replace">
				<![CDATA[$page = $page[0] . '-' . $page[1];]]>
			</add>
		</operation>
	</file>
	<!-- <file path="catalog/controller/startup/seo_tools.php" error="log">
		<operation error="ignore" info="for language switching">
			<search info="">
				<![CDATA[if ($url_path && (int)$url_path[count($url_path) - 1] > 1) {]]>
			</search>
			<add position="replace">
				<![CDATA[if ($url_path && substr($url_path[count($url_path) - 1], 0, 5) === 'page-') {]]>
			</add>
		</operation>
	</file> -->
	<file path="system/library/pagination.php" error="log">
		<operation error="log">
			<search>
				<![CDATA[array('&amp;page={page}', '?page={page}', '&page={page}', '/{page}')]]>
			</search>
			<add position="replace">
				<![CDATA[array('&amp;page={page}', '?page={page}', '&page={page}', '/page-{page}')]]>
			</add>
		</operation>
	</file>
</modification>
